"Path","File","Date Acquired","Sample","Misc"
"T:\Echantillotheque\Essences_supercarburants\ETUDE_SUPERCARBURANTS_svi\","Echantillon-1_alcool.D","12 Jun 2019   9:27    ","SP98-E10_CASINO-GEANT_CHASSE/RHONE (69)","ACS Butanol"
"PBM Apex"
"Tue Aug 06 16:48:09 2019"
"PK","RT","Area Pct","Library/ID","Ref","CAS","Qual"
  1,  3.6257, 0.1932,"Propyne",    49,"000074-99-7", 2
  2,  3.9433, 0.1500,"Isobutane",   237,"000075-28-5",78
  3,  4.0445, 0.4749,"Butane",   234,"000106-97-8",86
  4,  4.4296, 3.1972,"Butane, 2-methyl-",   722,"000078-78-4",94
  5,  4.5706, 1.4319,"Pentane",   717,"000109-66-0",91
  6,  4.6584, 1.0047,"2-Methyl-1-butene",   568,"000563-46-2",90
  7,  4.8133, 1.5498,"2-Butene, 2-methyl-",   575,"000513-35-9",91
  8,  4.9997, 0.2356,"Butane, 2,2-dimethyl-",  1854,"000075-83-2",72
  9,  5.2675, 3.3381,"Pentane, 2-methyl-",  1846,"000107-83-5",87
 10,  5.4743, 1.4986,"Pentane, 3-methyl-",  1845,"000096-14-0",91
 11,  5.6702,57.3024,"Methylene chloride",  1542,"000075-09-2",95
 12,  5.7793, 0.6244,"2-Pentene, 2-methyl-",  1492,"000625-27-4",91
 13,  5.9015, 0.2357,"2-Pentene, 3-methyl-",  1491,"000922-61-2",91
 14,  6.0111, 0.7050,"Pentane, 3-methylene-",  1513,"000760-21-4",91
 15,  6.2600, 1.1638,"Cyclopentane, methyl-",  1512,"000096-37-7",91
 16,  6.5484,13.3586,"Propane, 2-ethoxy-2-methyl-",  4563,"000637-92-3",83
 17,  6.6868, 0.3954,"Cyclopentene, 1-methyl-",  1245,"000693-89-0",90
 18,  6.8040, 1.2887,"Hexane, 2-methyl-",  4041,"000591-76-4",91
 19,  7.0219, 2.0388,"Hexane, 3-methyl-",  4040,"000589-34-4",94
 20,  7.3223, 0.4310,"Cyclopentane, 1,3-dimethyl-, trans-",  3466,"001759-58-6",91
 21,  7.3938, 1.5232,"Heptane",  4034,"000142-82-5",87
 22,  7.5203, 0.2280,"Cyclopentane, 1,2-dimethyl-, trans-",  3465,"000822-50-4",87
 23,  7.6050, 1.1076,"Hexane, 2,2-dimethyl-",  7790,"000590-73-8",64
 24,  7.8664, 0.9444,"1-Propanol, 2-methyl-",   865,"000078-83-1",87
 25,  7.9832, 0.2666,"1-Propanol, 2-methyl-",   863,"000078-83-1",90
 26,  8.0662, 0.4387,"1-Propanol, 2-methyl-",   861,"000078-83-1",52
 27,  8.3439, 1.2108,"Benzene",  1025,"000071-43-2",81
 28,  8.4579, 0.4872,"Hexane, 2,4-dimethyl-",  7782,"000589-43-5",68
 29,  9.8535, 0.1243,"1-Butanol",   847,"000071-36-3",72
 30, 10.0233, 1.0131,"Octane",  7760,"000111-65-9",68
 31, 11.1384, 0.2850,"1-Butanol, 2-methyl-",  2140,"000137-32-6",83
 32, 11.3541, 1.7533,"Toluene",  2482,"000108-88-3",91
"Path","File","Date Acquired","Sample","Misc"
"T:\Echantillotheque\Essences_supercarburants\ETUDE_SUPERCARBURANTS_svi\","Echantillon-1_hydro.D","12 Jun 2019  09:45    ","SP98-E10_CASINO-GEANT_CHASSE/RHONE (69)","ACS dichlorométhane"
"PBM Apex"
"Fri Aug 09 09:32:52 2019"
"PK","RT","Area Pct","Library/ID","Ref","CAS","Qual"
  1,  2.7851, 0.9770,"1,4-Pentadiene, 2-methyl-",  1266,"000763-30-4",74
  2,  2.9195, 1.7199,"Benzene",  1027,"000071-43-2",90
  3,  2.9412, 3.1622,"Hexane, 2-methyl-",  4039,"000591-76-4",90
  4,  3.0648, 2.8178,"Hexane, 3-methyl-",  4037,"000589-34-4",94
  5,  3.2408, 3.2713,"Butane, 2,2,3,3-tetramethyl-",  7812,"000594-82-1",59
  6,  3.4477, 2.1281,"Heptane",  4035,"000142-82-5",94
  7,  3.5301, 0.8859,"2-Hexene, 2-methyl-",  3383,"002738-19-4",55
  8,  3.8661, 1.0520,"Cyclohexane, methyl-",  3391,"000108-87-2",87
  9,  4.0305, 0.5710,"Hexane, 2,5-dimethyl-",  7777,"000592-13-2",93
 10,  4.0691, 1.1990,"Hexane, 2,4-dimethyl-",  7780,"000589-43-5",94
 11,  4.2205, 0.3454,"Cyclopentane, 1,2,4-trimethyl-",  6914,"002815-58-9",52
 12,  4.4187, 1.0217,"Pentane, 2,3,4-trimethyl-",  7798,"000565-75-3",90
 13,  4.5173, 1.3649,"Pentane, 2,3,3-trimethyl-",  7793,"000560-21-4",78
 14,  4.6695, 0.6075,"Hexane, 2,3-dimethyl-",  7783,"000584-94-1",91
 15,  4.8433,16.7895,"Toluene",  2478,"000108-88-3",91
 16,  4.9964, 1.9209,"Heptane, 3-methyl-",  7764,"000589-81-1",94
 17,  5.6926, 1.2027,"Heptane, 2,4-dimethyl-", 12971,"002213-23-2",72
 18,  6.6941, 0.4495,"Heptane, 2,5-dimethyl-", 12975,"002216-30-0",90
 19,  7.4523, 5.1250,"Benzene, 1,3-dimethyl-",  5187,"000108-38-3",91
 20,  7.5689, 0.7680,"Octane, 4-methyl-", 12945,"002216-34-4",90
 21,  7.6966,17.7750,"p-Xylene",  5159,"000106-42-3",95
 22,  7.7963, 0.4629,"Octane, 3-methyl-", 12944,"002216-33-3",90
 23,  8.4130, 5.7230,"o-Xylene",  5169,"000095-47-6",95
 24,  8.6862, 0.3838,"Nonane", 12938,"000111-84-2",94
 25,  9.4351, 0.3563,"Benzene, (1-methylethyl)-",  9596,"000098-82-8",91
 26, 10.3619, 1.2822,"Benzene, propyl-",  9585,"000103-65-1",87
 27, 10.6232, 7.7369,"Benzene, 1-ethyl-2-methyl-",  9603,"000611-14-3",94
 28, 10.8368, 2.7832,"Mesitylene",  9580,"000108-67-8",95
 29, 11.1944, 1.3186,"Benzene, 1-ethyl-2-methyl-",  9603,"000611-14-3",94
 30, 11.6272, 6.1349,"Benzene, 1,2,4-trimethyl-",  9601,"000095-63-6",95
 31, 12.5377, 0.8740,"Benzene, 1,2,4-trimethyl-",  9601,"000095-63-6",95
 32, 12.9426, 0.3673,"Indane",  9119,"000496-11-7",76
 33, 13.4788, 0.3716,"Benzene, 1-methyl-3-propyl-", 15194,"001074-43-7",94
 34, 13.7041, 0.5222,"Benzene, 1-ethyl-2,4-dimethyl-", 15213,"000874-41-9",95
 35, 14.2401, 0.2415,"Benzene, 2-ethyl-1,4-dimethyl-", 15212,"001758-88-9",97
 36, 14.2835, 0.2542,"Benzene, 1-ethyl-2,4-dimethyl-", 15213,"000874-41-9",95
 37, 14.4598, 0.4584,"Benzene, 1-ethyl-2,4-dimethyl-", 15213,"000874-41-9",94
 38, 15.2416, 0.2134,"Benzene, 1,2,3,5-tetramethyl-", 15201,"000527-53-7",97
 39, 15.3440, 0.3987,"Benzene, 1,2,3,4-tetramethyl-", 15205,"000488-23-3",97
 40, 20.8222, 2.3561,"Diphenylmethane", 38418,"000101-81-5",93
 41, 29.5067, 2.6064,"Tributyl acetylcitrate",239528,"000077-90-7",49
"Path","File","Date Acquired","Sample","Misc"
"T:\Echantillotheque\Essences_supercarburants\ETUDE_SUPERCARBURANTS_svi\","Echantillon-10_alcool.D"," 6 Aug 2019  17:29    ","SP95_CARREFOUR_FRANCHEVILLE (69)","ACS Butanol"
"PBM Apex"
"Wed Aug 07 09:21:56 2019"
"PK","RT","Area Pct","Library/ID","Ref","CAS","Qual"
  1,  3.6227, 0.1714,"Ethylene oxide",    75,"000075-21-8", 1
  2,  4.0396, 0.1965,"Butane",   235,"000106-97-8",78
  3,  4.4239, 3.5129,"Butane, 2-methyl-",   722,"000078-78-4",91
  4,  4.5663, 1.0934,"Pentane",   717,"000109-66-0",91
  5,  4.6535, 1.0031,"2-Pentene, (Z)-",   563,"000627-20-3",90
  6,  4.8087, 1.3415,"2-Butene, 2-methyl-",   575,"000513-35-9",91
  7,  4.9216, 0.6111,"Ethanol",    96,"000064-17-5",90
  8,  4.9935, 0.8689,"Trifluoroacetic acid, 2-tetrahydrofurylmethyl ester", 63856,"071239-15-1",50
  9,  5.2624, 4.0463,"Pentane, 2-methyl-",  1846,"000107-83-5",91
 10,  5.4692, 1.7115,"Pentane, 3-methyl-",  1845,"000096-14-0",91
 11,  5.6009, 0.9160,"2-Ethyl-oxetane",  1754,"1000386-40-2",90
 12,  5.6668,48.3002,"Methylene chloride",  1542,"000075-09-2",96
 13,  5.7750, 0.5260,"2-Butene, 2,3-dimethyl-",  1521,"000563-79-1",91
 14,  5.8970, 0.2240,"2-Pentene, 3-methyl-, (Z)-",  1531,"000922-62-3",91
 15,  6.0073, 0.6234,"1-Pentene, 3-methyl-",  1495,"000760-20-3",91
 16,  6.2065, 0.8708,"Pentane, 2,4-dimethyl-",  4051,"000108-08-7",90
 17,  6.2557, 1.0648,"Cyclopentane, methyl-",  1512,"000096-37-7",91
 18,  6.5465, 5.8631,"Propane, 2-ethoxy-2-methyl-",  4563,"000637-92-3",83
 19,  6.6843, 0.3338,"Cyclopentene, 1-methyl-",  1250,"000693-89-0",90
 20,  6.8019, 1.6910,"Hexane, 2-methyl-",  4041,"000591-76-4",91
 21,  6.9448, 0.3982,"Cyclohexane",  1473,"000110-82-7",91
 22,  7.0214, 2.5395,"Hexane, 3-methyl-",  4037,"000589-34-4",90
 23,  7.3180, 0.4176,"Cyclopentane, 1,3-dimethyl-, cis-",  3454,"002532-58-3",87
 24,  7.3919, 1.4654,"Heptane",  4034,"000142-82-5",81
 25,  7.6036, 5.6302,"Butane, 2,2,3,3-tetramethyl-",  7813,"000594-82-1",78
 26,  7.8990, 1.8431,"1-Propanol, 2-methyl-",   863,"000078-83-1",91
 27,  8.0697, 1.0899,"1-Propanol, 2-methyl-",   865,"000078-83-1",58
 28,  8.1810, 1.1903,"1-Propanol, 2-methyl-",   861,"000078-83-1",53
 29,  8.3414, 2.7270,"Benzene",  1027,"000071-43-2",87
 30,  8.4586, 1.8597,"Hexane, 2,4-dimethyl-",  7773,"000589-43-5",93
 31,  9.8537, 0.3449,"1-Butanol",   840,"000071-36-3",45
 32, 10.0271, 2.0648,"Octane",  7760,"000111-65-9",64
 33, 11.1636, 0.2863,"1-Butanol, 2-methyl-",  2150,"000137-32-6",83
 34, 11.3606, 3.1733,"Toluene",  2481,"000108-88-3",91
"Path","File","Date Acquired","Sample","Misc"
"T:\Echantillotheque\Essences_supercarburants\ETUDE_SUPERCARBURANTS_svi\","Echantillon-10_hydro.D","06 Aug 2019  23:12    ","SP95_CARREFOUR_FRANCHEVILLE (69)","ACS dichlorométhane"
"PBM Apex"
"Wed Aug 07 10:06:43 2019"
"PK","RT","Area Pct","Library/ID","Ref","CAS","Qual"
  1,  2.7641, 0.6478,"Cyclopentene, 1-methyl-",  1250,"000693-89-0",60
  2,  2.8892, 1.5332,"Benzene",  1027,"000071-43-2",91
  3,  2.9199, 3.0917,"Hexane, 2-methyl-",  4042,"000591-76-4",91
  4,  3.0431, 2.1781,"Hexane, 3-methyl-",  4037,"000589-34-4",94
  5,  3.1730, 0.3065,"Cyclopentane, 1,3-dimethyl-",  3443,"002453-00-1",90
  6,  3.2192, 6.4095,"Pentane, 2,2,4-trimethyl-",  7796,"000540-84-1",78
  7,  3.4260, 1.4181,"Heptane",  4035,"000142-82-5",94
  8,  3.5080, 0.3584,"2-Hexene, 2-methyl-",  3383,"002738-19-4",50
  9,  3.8461, 0.9505,"Cyclohexane, methyl-",  3387,"000108-87-2",91
 10,  4.0061, 1.1064,"Hexane, 2,5-dimethyl-",  7777,"000592-13-2",94
 11,  4.0449, 1.8228,"Hexane, 2,4-dimethyl-",  7781,"000589-43-5",91
 12,  4.1993, 0.2707,"1-Heptene, 4-methyl-",  6792,"013151-05-8",50
 13,  4.3941, 3.6384,"Pentane, 2,3,4-trimethyl-",  7794,"000565-75-3",83
 14,  4.4926, 4.1046,"Pentane, 2,3,3-trimethyl-",  7793,"000560-21-4",83
 15,  4.6453, 1.1772,"Hexane, 2,3-dimethyl-",  7783,"000584-94-1",91
 16,  4.8171,16.7076,"Toluene",  2478,"000108-88-3",91
 17,  4.9729, 1.7708,"Heptane, 3-methyl-",  7768,"000589-81-1",91
 18,  5.1989, 0.5763,"Hexane, 2,2,4-trimethyl-", 12997,"016747-26-5",83
 19,  5.6700, 1.1647,"Octane",  7758,"000111-65-9",95
 20,  6.6714, 0.4311,"Heptane, 2,5-dimethyl-", 12976,"002216-30-0",74
 21,  7.4273, 4.3148,"Ethylbenzene",  5174,"000100-41-4",91
 22,  7.5652, 0.6855,"Octane, 2-methyl-", 12950,"003221-61-2",96
 23,  7.6712,13.7062,"Benzene, 1,3-dimethyl-",  5190,"000108-38-3",95
 24,  7.7754, 0.4949,"Octane, 3-methyl-", 12944,"002216-33-3",91
 25,  8.3885, 4.1711,"Benzene, 1,3-dimethyl-",  5190,"000108-38-3",95
 26,  8.6657, 0.4005,"Nonane", 12938,"000111-84-2",94
 27,  9.4129, 0.2920,"Benzene, (1-methylethyl)-",  9597,"000098-82-8",91
 28, 10.3408, 1.0869,"Benzene, propyl-",  9587,"000103-65-1",87
 29, 10.6009, 6.5417,"Benzene, 1-ethyl-2-methyl-",  9603,"000611-14-3",94
 30, 10.8152, 2.1351,"Mesitylene",  9577,"000108-67-8",95
 31, 11.1727, 1.2465,"Benzene, 1-ethyl-2-methyl-",  9603,"000611-14-3",94
 32, 11.6058, 5.4538,"Benzene, 1,2,4-trimethyl-",  9601,"000095-63-6",95
 33, 12.5152, 0.8807,"Benzene, 1,2,4-trimethyl-",  9602,"000095-63-6",94
 34, 12.9248, 0.5582,"Benzene, cyclopropyl-",  9137,"000873-49-4",46
 35, 13.4579, 0.3941,"Benzene, 1-methyl-3-propyl-", 15189,"001074-43-7",94
 36, 13.5482, 0.4731,"Octane, 2,6-dimethyl-", 19686,"002051-30-1",50
 37, 13.6850, 0.3913,"Benzene, 1-ethyl-3,5-dimethyl-", 15220,"000934-74-7",95
 38, 14.2225, 0.0193,"Benzene, 2-ethyl-1,4-dimethyl-", 15212,"001758-88-9",95
 39, 14.4425, 0.3510,"Benzene, 1-ethyl-2,4-dimethyl-", 15213,"000874-41-9",95
 40, 15.2256, 0.2015,"Benzene, 1,2,3,5-tetramethyl-", 15206,"000527-53-7",97
 41, 15.3281, 0.3540,"Benzene, 1,2,3,4-tetramethyl-", 15205,"000488-23-3",97
 42, 20.8118, 6.1831,"Diphenylmethane", 38418,"000101-81-5",93
"Path","File","Date Acquired","Sample","Misc"
"T:\Echantillotheque\Essences_supercarburants\ETUDE_SUPERCARBURANTS_svi\","Echantillon-11_alcool.D"," 6 Aug 2019  18:37    ","SP95E10_LECLERC_CERNAY (68)","ACS Butanol"
"PBM Apex"
"Wed Aug 07 10:30:17 2019"
"PK","RT","Area Pct","Library/ID","Ref","CAS","Qual"
  1,  3.6223, 0.1898,"Ethylene oxide",    75,"000075-21-8", 1
  2,  4.0381, 0.0837,"Butane",   233,"000106-97-8",45
  3,  4.4238, 3.4337,"Butane, 2-methyl-",   721,"000078-78-4",91
  4,  4.5650, 1.2260,"Pentane",   717,"000109-66-0",91
  5,  4.6532, 0.7072,"2-Pentene, (Z)-",   563,"000627-20-3",90
  6,  4.8077, 0.9235,"2-Butene, 2-methyl-",   575,"000513-35-9",90
  7,  4.9198, 1.1750,"Ethanol",    96,"000064-17-5",90
  8,  4.9929, 1.3733,"Butane, 2,2-dimethyl-",  1856,"000075-83-2",64
  9,  5.2615, 4.5332,"Pentane, 2-methyl-",  1844,"000107-83-5",91
 10,  5.4679, 2.0650,"Pentane, 3-methyl-",  1845,"000096-14-0",91
 11,  5.5992, 1.4662,"n-Hexane",  1842,"000110-54-3",94
 12,  5.6655,56.3829,"Methylene chloride",  1542,"000075-09-2",96
 13,  5.7741, 0.3460,"2-Pentene, 4-methyl-",  1493,"004461-48-7",83
 14,  5.8957, 0.1527,"2-Pentene, 3-methyl-",  1491,"000922-61-2",90
 15,  6.0048, 0.3019,"2-Pentene, 3-methyl-, (Z)-",  1533,"000922-62-3",91
 16,  6.2548, 1.6317,"Cyclopentane, methyl-",  1512,"000096-37-7",91
 17,  6.5455, 4.8826,"Propane, 2-ethoxy-2-methyl-",  4558,"000637-92-3",74
 18,  6.6829, 0.2392,"Cyclopentene, 1-methyl-",  1245,"000693-89-0",80
 19,  6.8001, 1.7939,"Hexane, 2-methyl-",  4041,"000591-76-4",91
 20,  6.9430, 0.3932,"Cyclohexane",  1473,"000110-82-7",91
 21,  7.0196, 2.6420,"Hexane, 3-methyl-",  4043,"000589-34-4",91
 22,  7.3220, 0.5096,"Cyclopentane, 1,2-dimethyl-, cis-",  3455,"001192-18-3",72
 23,  7.3902, 1.4436,"Heptane",  4034,"000142-82-5",83
 24,  7.5166, 0.2458,"Cyclopentane, 1,2-dimethyl-, trans-",  3465,"000822-50-4",90
 25,  7.6018, 4.3370,"Butane, 2,2,3,3-tetramethyl-",  7811,"000594-82-1",72
 26,  7.8703, 0.1847,"1-Propanol, 2-methyl-",   864,"000078-83-1",90
 27,  8.3392, 1.8829,"Benzene",  1027,"000071-43-2",87
 28,  8.4564, 0.8231,"Hexane, 2,4-dimethyl-",  7780,"000589-43-5",93
 29, 10.0186, 2.0018,"Octane",  7760,"000111-65-9",53
 30, 10.1911, 0.1632,"4-Pentenal",  1394,"002100-17-6",53
 31, 11.1225, 0.2755,"1-Butanol, 2-methyl-",  2150,"000137-32-6",83
 32, 11.3513, 2.1899,"Toluene",  2478,"000108-88-3",91
"Path","File","Date Acquired","Sample","Misc"
"T:\Echantillotheque\Essences_supercarburants\ETUDE_SUPERCARBURANTS_svi\","Echantillon-11_hydro.D","07 Aug 2019  01:07    ","SP95E10_LECLERC_CERNAY (68)","ACS dichlorométhane"
"PBM Apex"
"Wed Aug 07 11:11:20 2019"
"PK","RT","Area Pct","Library/ID","Ref","CAS","Qual"
  1,  2.7632, 0.4853,"2,4-Hexadiene, (E,E)-",  1237,"005194-51-4",60
  2,  2.8875, 1.7732,"Benzene",  1027,"000071-43-2",91
  3,  2.9183, 3.5015,"Hexane, 2-methyl-",  4042,"000591-76-4",91
  4,  3.0418, 2.5208,"Hexane, 3-methyl-",  4037,"000589-34-4",94
  5,  3.1709, 0.4269,"Cyclopentane, 1,3-dimethyl-, trans-",  3466,"001759-58-6",91
  6,  3.2177, 6.1052,"Butane, 2,2,3,3-tetramethyl-",  7811,"000594-82-1",72
  7,  3.4244, 1.3596,"Heptane",  4034,"000142-82-5",94
  8,  3.8435, 1.1586,"Cyclohexane, methyl-",  3391,"000108-87-2",87
  9,  4.0051, 0.8398,"Hexane, 2,5-dimethyl-",  7777,"000592-13-2",94
 10,  4.0442, 1.6195,"Hexane, 2,4-dimethyl-",  7780,"000589-43-5",94
 11,  4.3933, 1.9939,"Pentane, 2,3,4-trimethyl-",  7799,"000565-75-3",72
 12,  4.4922, 1.5850,"Pentane, 2,3,3-trimethyl-",  7793,"000560-21-4",72
 13,  4.6446, 0.7926,"Hexane, 2,3-dimethyl-",  7783,"000584-94-1",91
 14,  4.8158,15.1813,"Toluene",  2478,"000108-88-3",91
 15,  4.9718, 1.5104,"Heptane, 3-methyl-",  7768,"000589-81-1",91
 16,  5.1981, 0.5369,"Hexane, 2,2,5-trimethyl-", 13000,"003522-94-9",83
 17,  5.6696, 0.7764,"Heptane, 2,4-dimethyl-", 12960,"002213-23-2",78
 18,  7.4281, 3.8335,"Ethylbenzene",  5173,"000100-41-4",91
 19,  7.5661, 0.7579,"Octane, 2-methyl-", 12950,"003221-61-2",98
 20,  7.6694,13.4603,"p-Xylene",  5159,"000106-42-3",95
 21,  7.7746, 0.4775,"Octane, 3-methyl-", 12944,"002216-33-3",90
 22,  8.3887, 4.2538,"Benzene, 1,3-dimethyl-",  5190,"000108-38-3",95
 23, 10.3407, 1.0809,"Benzene, propyl-",  9587,"000103-65-1",87
 24, 10.6009, 7.2642,"Benzene, 1-ethyl-2-methyl-",  9603,"000611-14-3",94
 25, 10.8157, 2.2666,"Mesitylene",  9577,"000108-67-8",95
 26, 11.1729, 1.3593,"Benzene, 1-ethyl-3-methyl-",  9604,"000620-14-4",90
 27, 11.6053, 5.8715,"Benzene, 1,2,4-trimethyl-",  9601,"000095-63-6",95
 28, 12.5167, 1.1084,"Mesitylene",  9577,"000108-67-8",94
 29, 12.9216, 0.9151,"Benzene, cyclopropyl-",  9137,"000873-49-4",70
 30, 13.4575, 0.9364,"Benzene, 1-methyl-3-propyl-", 15189,"001074-43-7",94
 31, 13.6832, 1.2236,"Benzene, 1-ethyl-2,4-dimethyl-", 15213,"000874-41-9",95
 32, 14.2207, 0.7264,"Benzene, 1-ethyl-2,4-dimethyl-", 15213,"000874-41-9",95
 33, 14.2649, 0.8205,"Benzene, 1-ethyl-2,4-dimethyl-", 15213,"000874-41-9",95
 34, 14.4444, 1.5460,"Benzene, 2-ethyl-1,3-dimethyl-", 15215,"002870-04-4",87
 35, 15.2251, 0.5234,"Benzene, 1,2,4,5-tetramethyl-", 15202,"000095-93-2",97
 36, 15.3285, 0.8472,"Benzene, 1,2,3,5-tetramethyl-", 15201,"000527-53-7",97
 37, 15.7592, 0.6971,"1H-Indene, 2,3-dihydro-5-methyl-", 14392,"000874-35-1",93
 38, 16.0094, 0.4053,"1H-Indene, 2,3-dihydro-4-methyl-", 14393,"000824-22-6",91
 39, 20.8122, 7.4581,"Diphenylmethane", 38418,"000101-81-5",93
"Path","File","Date Acquired","Sample","Misc"
"T:\Echantillotheque\Essences_supercarburants\ETUDE_SUPERCARBURANTS_svi\","Echantillon-16_alcool.D","10 Sep 2019  14:44    ","SP98-E5_DATS24_WAUTHIER (BELGIQUE)","ACS Butanol"
"PBM Apex"
"Wed Sep 25 09:18:10 2019"
"PK","RT","Area Pct","Library/ID","Ref","CAS","Qual"
  1,  3.9271, 0.2477,"Isobutane",   236,"000075-28-5",90
  2,  4.0280, 0.6577,"Butane",   235,"000106-97-8",72
  3,  4.4123, 2.3214,"Butane, 2-methyl-",   722,"000078-78-4",91
  4,  4.5526, 0.6377,"Pentane",   715,"000109-66-0",90
  5,  4.6393, 0.7263,"2-Pentene, (Z)-",   563,"000627-20-3",90
  6,  4.7955, 1.0580,"Cyclopropane, 1,2-dimethyl-, cis-",   587,"000930-18-7",91
  7,  5.2480, 2.4908,"Pentane, 2-methyl-",  1844,"000107-83-5",64
  8,  5.4543, 0.9654,"Pentane, 3-methyl-",  1845,"000096-14-0",90
  9,  5.5860, 0.7959,"n-Hexane",  1842,"000110-54-3",91
 10,  5.6515,55.5623,"Methylene chloride",  1545,"000075-09-2",95
 11,  5.9908, 0.2652,"2-Pentene, 3-methyl-",  1491,"000922-61-2",83
 12,  6.1012,12.1413,"Propane, 2-methoxy-2-methyl-",  2162,"001634-04-4",83
 13,  6.1839, 0.4317,"Hexyl isobutyl carbonate", 66459,"959067-98-2",64
 14,  6.2386, 0.7508,"Cyclopentane, methyl-",  1512,"000096-37-7",91
 15,  6.7851, 1.2900,"Hexane, 2-methyl-",  4041,"000591-76-4",91
 16,  7.0036, 1.9926,"Hexane, 3-methyl-",  4037,"000589-34-4",90
 17,  7.3735, 1.1806,"Heptane, 2,4-dimethyl-", 12960,"002213-23-2",64
 18,  7.5846, 6.6469,"Hexane, 2,2-dimethyl-",  7791,"000590-73-8",72
 19,  7.8688, 0.3700,"1-Propanol, 2-methyl-",   864,"000078-83-1",91
 20,  7.8862, 0.1989,"1-Propanol, 2-methyl-",   861,"000078-83-1",91
 21,  8.3224, 1.5577,"Fumaronitrile",  1020,"000764-42-1",53
 22,  8.4373, 1.3002,"Hexane, 2,4-dimethyl-",  7781,"000589-43-5",64
 23, 10.0319, 0.4690,"3,3-Dimethyl-1,5-diazabicyclo[3.1.0]hexane",  6438,"104518-71-0",50
 24, 11.1144, 0.3688,"1-Butanol, 2-methyl-",  2141,"000137-32-6",78
 25, 11.3393, 5.5730,"Toluene",  2476,"000108-88-3",94
"Path","File","Date Acquired","Sample","Misc"
"T:\Echantillotheque\Essences_supercarburants\ETUDE_SUPERCARBURANTS_svi\","Echantillon-16_hydro.D","10 Sep 2019  21:08    ","SP98-E5_DATS24_WAUTHIER (BELGIQUE)","ACS dichlorométhane"
"PBM Apex"
"Wed Sep 25 14:24:38 2019"
"PK","RT","Area Pct","Library/ID","Ref","CAS","Qual"
  1,  2.9276, 3.1376,"Hexane, 2-methyl-",  4041,"000591-76-4",91
  2,  3.0499, 1.8345,"Hexane, 3-methyl-",  4037,"000589-34-4",94
  3,  3.2262, 7.8933,"Hexane, 2,2-dimethyl-",  7791,"000590-73-8",78
  4,  3.4317, 1.2618,"Heptane",  4034,"000142-82-5",94
  5,  4.0109, 0.9012,"Hexane, 2,5-dimethyl-",  7777,"000592-13-2",93
  6,  4.0492, 1.7358,"Hexane, 2,4-dimethyl-",  7780,"000589-43-5",94
  7,  4.3980, 3.2109,"Pentane, 2,3,4-trimethyl-",  7798,"000565-75-3",91
  8,  4.4965, 2.0692,"Pentane, 2,3,3-trimethyl-",  7793,"000560-21-4",83
  9,  4.6483, 0.9766,"Hexane, 2,3-dimethyl-",  7783,"000584-94-1",91
 10,  4.8236,17.4587,"Toluene",  2478,"000108-88-3",91
 11,  4.9773, 0.7093,"Heptane, 3-methyl-",  7768,"000589-81-1",90
 12,  5.2009, 0.6868,"Hexane, 2,2,5-trimethyl-", 12998,"003522-94-9",83
 13,  7.4269, 1.7273,"Ethylbenzene",  5173,"000100-41-4",91
 14,  7.6673, 5.0790,"Benzene, 1,3-dimethyl-",  5190,"000108-38-3",95
 15,  8.3864, 1.8678,"p-Xylene",  5159,"000106-42-3",95
 16, 10.3345, 2.5044,"Benzene, propyl-",  9587,"000103-65-1",87
 17, 10.5999,12.4311,"Benzene, 1-ethyl-2-methyl-",  9603,"000611-14-3",94
 18, 10.8111, 3.5014,"Mesitylene",  9577,"000108-67-8",94
 19, 11.1664, 3.3579,"Benzene, 1,2,4-trimethyl-",  9601,"000095-63-6",90
 20, 11.6073,12.1398,"Mesitylene",  9577,"000108-67-8",94
 21, 12.5084, 2.9843,"Mesitylene",  9577,"000108-67-8",94
 22, 12.9151, 0.9973,"Indane",  9118,"000496-11-7",68
 23, 13.4505, 0.7941,"Benzene, 1-methyl-3-propyl-", 15189,"001074-43-7",94
 24, 13.6770, 0.8393,"o-Cymene", 15146,"000527-84-4",95
 25, 14.2141, 0.0504,"Benzene, 2-ethyl-1,4-dimethyl-", 15225,"001758-88-9",95
 26, 14.4349, 1.0680,"Benzene, 1-ethyl-2,4-dimethyl-", 15227,"000874-41-9",94
 27, 15.3221, 0.9598,"Benzene, 1,2,3,5-tetramethyl-", 15201,"000527-53-7",97
 28, 20.8077, 7.8224,"Diphenylmethane", 38418,"000101-81-5",93
"Path","File","Date Acquired","Sample","Misc"
"T:\Echantillotheque\Essences_supercarburants\ETUDE_SUPERCARBURANTS_svi\","Echantillon-2_alcool.D","12 Jun 2019  10:35    ","SP98-E10_LECLERC-VIENNE (38)","ACS Butanol"
"PBM Apex"
"Tue Nov 19 14:18:35 2019"
"PK","RT","Area Pct","Library/ID","Ref","CAS","Qual"
  1,  3.6269, 0.2044,"Ethylene oxide",    75,"000075-21-8", 1
  2,  3.9449, 0.2020,"Isobutane",   236,"000075-28-5",78
  3,  4.0447, 0.8829,"Butane",   233,"000106-97-8",72
  4,  4.1128, 0.1258,"1-Propene, 2-methyl-",   189,"000115-11-7",72
  5,  4.3714, 0.0925,"2-Pentene, (E)-",   562,"000646-04-8",86
  6,  4.4312, 4.8870,"Butane, 2-methyl-",   722,"000078-78-4",94
  7,  4.5724, 2.0497,"Pentane",   715,"000109-66-0",90
  8,  4.6599, 1.5881,"Cyclopropane, 1,2-dimethyl-, trans-",   589,"002402-06-4",91
  9,  4.8151, 2.2404,"2-Butene, 2-methyl-",   575,"000513-35-9",90
 10,  5.0030, 0.2019,"Butane, 2,2-dimethyl-",  1855,"000075-83-2",72
 11,  5.2695, 3.5272,"Pentane, 2-methyl-",  1846,"000107-83-5",91
 12,  5.4761, 1.4673,"Pentane, 3-methyl-",  1845,"000096-14-0",91
 13,  5.6720,64.9247,"Methylene chloride",  1542,"000075-09-2",95
 14,  5.7802, 0.6299,"1-Butene, 2,3-dimethyl-",  1519,"000563-78-0",90
 15,  5.9031, 0.2263,"2-Pentene, 3-methyl-, (Z)-",  1533,"000922-62-3",91
 16,  6.0139, 0.7382,"1-Pentene, 3-methyl-",  1495,"000760-20-3",91
 17,  6.2615, 1.1670,"Cyclopentane, methyl-",  1509,"000096-37-7",91
 18,  6.5509, 9.8420,"Propane, 2-ethoxy-2-methyl-",  4563,"000637-92-3",74
 19,  6.6885, 0.3637,"Cyclopentene, 1-methyl-",  1245,"000693-89-0",87
 20,  6.8060, 0.4469,"Hexane, 2-methyl-",  4042,"000591-76-4",91
 21,  7.0240, 0.7788,"Hexane, 3-methyl-",  4040,"000589-34-4",94
 22,  7.3971, 0.5153,"Hexane, 3-methyl-",  4040,"000589-34-4",64
 23,  7.6070, 0.5197,"Butane, 2,2,3,3-tetramethyl-",  7812,"000594-82-1",72
 24,  7.8764, 0.8788,"1-Propanol, 2-methyl-",   863,"000078-83-1",91
 25,  8.0762, 0.1825,"1-Propanol, 2-methyl-",   861,"000078-83-1",58
 26,  8.3455, 0.5877,"Benzene",  1025,"000071-43-2",80
 27,  9.8537, 0.1635,"1-Butanol",   847,"000071-36-3",72
 28, 11.1282, 0.2737,"1-Butanol, 2-methyl-",  2150,"000137-32-6",83
 29, 11.3538, 0.2921,"Toluene",  2478,"000108-88-3",91
"Path","File","Date Acquired","Sample","Misc"
"T:\Echantillotheque\Essences_supercarburants\ETUDE_SUPERCARBURANTS_svi\","Echantillon-2_hydro.D","12 Jun 2019  11:39    ","SP98-E10_LECLERC-VIENNE (38)","ACS dichlorométhane"
"PBM Apex"
"Tue Aug 13 13:21:22 2019"
"PK","RT","Area Pct","Library/ID","Ref","CAS","Qual"
  1,  2.7849, 0.4971,"2,4-Hexadiene, (E,E)-",  1237,"005194-51-4",62
  2,  2.9416, 3.3925,"Hexane, 2-methyl-",  4039,"000591-76-4",90
  3,  3.0640, 2.1520,"Hexane, 3-methyl-",  4043,"000589-34-4",94
  4,  3.2403, 3.6794,"Butane, 2,2,3,3-tetramethyl-",  7811,"000594-82-1",72
  5,  3.4468, 1.6560,"Heptane",  4035,"000142-82-5",95
  6,  3.5296, 0.4741,"2-Hexene, 2-methyl-",  3383,"002738-19-4",55
  7,  3.8654, 0.8118,"Cyclohexane, methyl-",  3387,"000108-87-2",90
  8,  4.0296, 0.6732,"Hexane, 2,5-dimethyl-",  7777,"000592-13-2",94
  9,  4.0671, 1.3553,"Hexane, 2,4-dimethyl-",  7782,"000589-43-5",91
 10,  4.2201, 0.3448,"Cyclopentane, 1,2,4-trimethyl-",  6914,"002815-58-9",43
 11,  4.4164, 1.6444,"Pentane, 2,3,4-trimethyl-",  7794,"000565-75-3",74
 12,  4.5159, 2.0609,"Pentane, 2,3,3-trimethyl-",  7793,"000560-21-4",72
 13,  4.6688, 0.8656,"Hexane, 2,3-dimethyl-",  7783,"000584-94-1",91
 14,  4.8439,14.6147,"Toluene",  2479,"000108-88-3",91
 15,  4.9953, 2.2444,"Heptane, 3-methyl-",  7768,"000589-81-1",91
 16,  5.2208, 0.2767,"Hexane, 2,2,5-trimethyl-", 12988,"003522-94-9",83
 17,  5.6916, 1.2991,"Heptane, 2,4-dimethyl-", 12960,"002213-23-2",72
 18,  6.6937, 0.5156,"Heptane, 2,5-dimethyl-", 12975,"002216-30-0",87
 19,  7.4525, 5.7170,"Ethylbenzene",  5171,"000100-41-4",91
 20,  7.5761, 0.8887,"Octane, 4-methyl-", 12945,"002216-34-4",80
 21,  7.7037,17.9575,"Benzene, 1,3-dimethyl-",  5190,"000108-38-3",97
 22,  7.7967, 0.6016,"Octane, 3-methyl-", 12944,"002216-33-3",90
 23,  8.4138, 6.7898,"p-Xylene",  5159,"000106-42-3",95
 24,  8.6863, 0.5035,"Nonane", 12938,"000111-84-2",94
 25,  9.4349, 0.4110,"Benzene, (1-methylethyl)-",  9598,"000098-82-8",91
 26, 10.3616, 1.2589,"Benzene, propyl-",  9587,"000103-65-1",87
 27, 10.6249, 7.7905,"Benzene, 1-ethyl-2-methyl-",  9603,"000611-14-3",94
 28, 10.8379, 2.8791,"Mesitylene",  9577,"000108-67-8",95
 29, 11.1941, 1.4322,"Benzene, 1-ethyl-2-methyl-",  9603,"000611-14-3",94
 30, 11.6302, 6.4541,"Benzene, 1,2,4-trimethyl-",  9601,"000095-63-6",95
 31, 12.5363, 1.0009,"Benzene, 1,2,4-trimethyl-",  9601,"000095-63-6",95
 32, 12.9429, 0.4420,"Benzene, cyclopropyl-",  9137,"000873-49-4",70
 33, 13.4774, 0.3355,"Benzene, 1-methyl-3-propyl-", 15189,"001074-43-7",94
 34, 13.7042, 0.4895,"Benzene, 1-ethyl-2,4-dimethyl-", 15213,"000874-41-9",95
 35, 14.2403, 0.0146,"Benzene, 2-ethyl-1,4-dimethyl-", 15212,"001758-88-9",97
 36, 14.4604, 0.4308,"Benzene, 1-ethyl-2,4-dimethyl-", 15227,"000874-41-9",95
 37, 15.2413, 0.2693,"Benzene, 1,2,3,5-tetramethyl-", 15201,"000527-53-7",97
 38, 15.3445, 0.4538,"Benzene, 1,2,3,4-tetramethyl-", 15205,"000488-23-3",97
 39, 20.8244, 2.2632,"Diphenylmethane", 38418,"000101-81-5",93
 40, 29.5078, 3.0589,"Tributyl acetylcitrate",239528,"000077-90-7",52
"Path","File","Date Acquired","Sample","Misc"
"T:\Echantillotheque\Essences_supercarburants\ETUDE_SUPERCARBURANTS_svi\","Echantillon-3_alcool.D","12 Jun 2019  11:43    ","SP95-E10_LECLERC-ST-CLAIR-DU-RHONE (69)","ACS Butanol"
"PBM Apex"
"Tue Aug 13 14:27:32 2019"
"PK","RT","Area Pct","Library/ID","Ref","CAS","Qual"
  1,  4.0438, 0.3049,"Butane",   234,"000106-97-8",72
  2,  4.4298, 5.6859,"Butane, 2-methyl-",   722,"000078-78-4",94
  3,  4.5709, 1.7939,"Pentane",   715,"000109-66-0",91
  4,  4.6585, 0.9269,"2-Methyl-1-butene",   568,"000563-46-2",86
  5,  4.8140, 1.3878,"2-Butene, 2-methyl-",   571,"000513-35-9",91
  6,  4.9267, 0.8747,"Ethanol",    96,"000064-17-5",90
  7,  4.9999, 1.6297,"Butane, 2,2-dimethyl-",  1855,"000075-83-2",56
  8,  5.2681, 5.1721,"Pentane, 2-methyl-",  1844,"000107-83-5",90
  9,  5.4747, 2.4104,"Pentane, 3-methyl-",  1845,"000096-14-0",91
 10,  5.6062, 1.1552,"n-Hexane",  1842,"000110-54-3",94
 11,  5.6705,58.1157,"Methylene chloride",  1545,"000075-09-2",95
 12,  6.0115, 0.4865,"2-Pentene, 3-methyl-",  1491,"000922-61-2",91
 13,  6.2607, 1.9872,"Cyclopentane, methyl-",  1512,"000096-37-7",91
 14,  6.5504, 5.4072,"Propane, 2-ethoxy-2-methyl-",  4558,"000637-92-3",83
 15,  6.6877, 0.3637,"Cyclopentene, 3-methyl-",  1248,"001120-62-3",90
 16,  6.8053, 1.7210,"Hexane, 2-methyl-",  4041,"000591-76-4",91
 17,  6.9482, 0.8826,"Cyclohexane",  1473,"000110-82-7",91
 18,  7.0234, 2.4684,"Hexane, 3-methyl-",  4040,"000589-34-4",94
 19,  7.3955, 1.4733,"Heptane",  4035,"000142-82-5",90
 20,  7.6065, 1.4857,"Butane, 2,2,3,3-tetramethyl-",  7812,"000594-82-1",78
 21,  7.8775, 0.3353,"1-Propanol, 2-methyl-",   861,"000078-83-1",93
 22,  8.3476, 0.9808,"Benzene",  1027,"000071-43-2",87
 23, 10.0255, 0.6778,"Octane",  7759,"000111-65-9",49
 24, 11.3553, 2.2734,"Toluene",  2481,"000108-88-3",91
"Path","File","Date Acquired","Sample","Misc"
"T:\Echantillotheque\Essences_supercarburants\ETUDE_SUPERCARBURANTS_svi\","Echantillon-5_alcool.D","25 Jun 2019  19:20    ","SP98-E10_ESSO-ECULLY (69)","ACS Butanol"
"PBM Apex"
"Wed Aug 14 08:00:52 2019"
"PK","RT","Area Pct","Library/ID","Ref","CAS","Qual"
  1,  3.6189, 0.1443,"Acetaldehyde",    71,"000075-07-0", 1
  2,  4.0351, 0.4532,"Butane",   235,"000106-97-8",64
  3,  4.3622, 0.1396,"Cyclopropane, 1,2-dimethyl-, cis-",   587,"000930-18-7",86
  4,  4.4216, 4.7043,"Butane, 2-methyl-",   721,"000078-78-4",91
  5,  4.5637, 1.4184,"Pentane",   714,"000109-66-0",90
  6,  4.6501, 1.9794,"2-Methyl-1-butene",   567,"000563-46-2",91
  7,  4.8048, 2.5085,"2-Butene, 2-methyl-",   575,"000513-35-9",91
  8,  5.2583, 4.4386,"Pentane, 2-methyl-",  1846,"000107-83-5",91
  9,  5.4649, 1.7542,"Pentane, 3-methyl-",  1845,"000096-14-0",90
 10,  5.6604,52.5840,"Methylene chloride",  1542,"000075-09-2",94
 11,  5.7690, 0.7907,"2-Pentene, 4-methyl-",  1501,"004461-48-7",90
 12,  5.8910, 0.3279,"2-Pentene, 3-methyl-, (Z)-",  1528,"000922-62-3",91
 13,  6.0010, 0.8633,"2-Pentene, 3-methyl-, (Z)-",  1533,"000922-62-3",91
 14,  6.2489, 1.9635,"Cyclopentane, methyl-",  1512,"000096-37-7",91
 15,  6.5383,14.8314,"Propane, 2-ethoxy-2-methyl-",  4563,"000637-92-3",83
 16,  6.6757, 0.3912,"Cyclopentene, 1-methyl-",  1245,"000693-89-0",90
 17,  6.7935, 0.8153,"Hexane, 2-methyl-",  4042,"000591-76-4",91
 18,  7.0136, 1.3896,"Hexane, 3-methyl-",  4037,"000589-34-4",90
 19,  7.3115, 0.2717,"Cyclopentane, 1,3-dimethyl-",  3443,"002453-00-1",91
 20,  7.3839, 0.6966,"Heptane",  4034,"000142-82-5",68
 21,  7.5950, 3.5313,"Butane, 2,2,3,3-tetramethyl-",  7813,"000594-82-1",83
 22,  7.8572, 0.3885,"1-Propanol, 2-methyl-",   865,"000078-83-1",87
 23,  8.0558, 0.3366,"Propanal, 2-methyl-",   693,"000078-84-2",46
 24,  8.3290, 0.9964,"Benzene",  1027,"000071-43-2",87
 25,  8.4477, 0.4425,"Hexane, 2,4-dimethyl-",  7773,"000589-43-5",94
 26, 10.0099, 1.0520,"Pentane, 2,3-dimethyl-",  4048,"000565-59-3",53
 27, 11.1114, 0.2187,"1-Butanol, 2-methyl-",  2140,"000137-32-6",83
 28, 11.3411, 0.5683,"Toluene",  2482,"000108-88-3",91
"Path","File","Date Acquired","Sample","Misc"
"T:\Echantillotheque\Essences_supercarburants\ETUDE_SUPERCARBURANTS_svi\","Echantillon-6_alcool.D","25 Jun 2019  20:28    ","SP95-E10_CARREFOUR-ECULLY (69)","ACS Butanol"
"PBM Apex"
"Thu Aug 08 16:02:29 2019"
"PK","RT","Area Pct","Library/ID","Ref","CAS","Qual"
  1,  3.6175, 0.1467,"Ethylene oxide",    75,"000075-21-8", 1
  2,  4.0339, 0.1954,"Butane",   234,"000106-97-8",64
  3,  4.4203, 2.7787,"Butane, 2-methyl-",   721,"000078-78-4",91
  4,  4.5615, 0.7702,"Pentane",   715,"000109-66-0",91
  5,  4.6489, 0.5266,"2-Pentene, (Z)-",   563,"000627-20-3",90
  6,  4.8037, 0.7005,"Cyclopropane, 1,2-dimethyl-, cis-",   587,"000930-18-7",90
  7,  4.9160, 0.9531,"Ethanol",    96,"000064-17-5",90
  8,  4.9894, 0.9298,"Butane, 2,2-dimethyl-",  1856,"000075-83-2",59
  9,  5.2572, 3.7713,"Pentane, 2-methyl-",  1846,"000107-83-5",83
 10,  5.4634, 1.7977,"Pentane, 3-methyl-",  1845,"000096-14-0",91
 11,  5.5947, 1.1595,"n-Hexane",  1842,"000110-54-3",91
 12,  5.6593,43.5917,"Methylene chloride",  1542,"000075-09-2",95
 13,  5.7681, 0.3288,"2-Pentene, 4-methyl-, (Z)-",  1525,"000691-38-3",90
 14,  5.8900, 0.1546,"2-Pentene, 3-methyl-, (Z)-",  1528,"000922-62-3",91
 15,  5.9995, 0.4033,"2-Pentene, 3-methyl-, (Z)-",  1533,"000922-62-3",91
 16,  6.1981, 1.0651,"Pentane, 2,4-dimethyl-",  4051,"000108-08-7",87
 17,  6.2460, 0.8920,"Cyclopentane, methyl-",  1512,"000096-37-7",91
 18,  6.5377, 6.0088,"Propane, 2-ethoxy-2-methyl-",  4558,"000637-92-3",74
 19,  6.6746, 0.2273,"Cyclopentene, 3-methyl-",  1256,"001120-62-3",86
 20,  6.7922, 2.7087,"Hexane, 2-methyl-",  4041,"000591-76-4",91
 21,  6.9352, 0.5199,"Cyclohexane",  1473,"000110-82-7",91
 22,  7.0105, 3.9457,"Hexane, 3-methyl-",  4040,"000589-34-4",94
 23,  7.2919, 0.5429,"Cyclopentane, 1,3-dimethyl-",  3441,"002453-00-1",46
 24,  7.3803, 2.3757,"Heptane",  4035,"000142-82-5",94
 25,  7.5929, 6.6145,"Pentane, 2,2,4-trimethyl-",  7796,"000540-84-1",78
 26,  7.8597, 1.5102,"1-Propanol, 2-methyl-",   865,"000078-83-1",87
 27,  8.0553, 0.9503,"Propanal, 2-methyl-",   693,"000078-84-2",52
 28,  8.1743, 0.5474,"1-Propanol, 2-methyl-",   861,"000078-83-1",58
 29,  8.3305, 2.8387,"Benzene",  1028,"000071-43-2",76
 30,  8.4464, 1.4072,"Hexane, 2,4-dimethyl-",  7780,"000589-43-5",91
 31,  9.8530, 0.0288,"1-Butanol",   840,"000071-36-3",59
 32, 10.0064, 2.6358,"Octane",  7760,"000111-65-9",72
 33, 10.9304, 0.2269,"Hexane, 2,3,5-trimethyl-", 12984,"001069-53-0",59
 34, 11.1108, 0.2443,"1-Butanol, 2-methyl-",  2150,"000137-32-6",83
 35, 11.2460, 0.1298,"Heptane, 2,5-dimethyl-", 12975,"002216-30-0",64
 36, 11.3397, 6.3721,"Toluene",  2482,"000108-88-3",91
"Path","File","Date Acquired","Sample","Misc"
"T:\Echantillotheque\Essences_supercarburants\ETUDE_SUPERCARBURANTS_svi\","Echantillon-6_hydro.D","26 Jun 2019  01:59    ","SP95-E10_CARREFOUR-ECULLY (69)","ACS dichlorométhane"
"PBM Apex"
"Thu Aug 08 16:21:30 2019"
"PK","RT","Area Pct","Library/ID","Ref","CAS","Qual"
  1,  2.7801, 1.7088,"Cyclopentene, 1-methyl-",  1245,"000693-89-0",70
  2,  2.9042, 6.6560,"Benzene",  1027,"000071-43-2",90
  3,  2.9348, 6.4435,"Hexane, 2-methyl-",  4041,"000591-76-4",87
  4,  3.0592, 4.7715,"Hexane, 3-methyl-",  4037,"000589-34-4",94
  5,  3.1896, 0.6443,"Cyclopentane, 1,3-dimethyl-",  3443,"002453-00-1",91
  6,  3.2356, 7.3127,"Butane, 2,2,3,3-tetramethyl-",  7811,"000594-82-1",72
  7,  3.4425, 2.6504,"Heptane",  4035,"000142-82-5",94
  8,  3.5256, 0.5359,"2-Hexene, 2-methyl-",  3383,"002738-19-4",50
  9,  3.8631, 2.2475,"Cyclohexane, methyl-",  3387,"000108-87-2",94
 10,  4.0251, 0.7577,"Hexane, 2,5-dimethyl-",  7777,"000592-13-2",94
 11,  4.0639, 1.6357,"Hexane, 2,4-dimethyl-",  7773,"000589-43-5",91
 12,  4.4140, 2.5148,"Pentane, 2,3,4-trimethyl-",  7798,"000565-75-3",83
 13,  4.5126, 2.9095,"Pentane, 2,3,3-trimethyl-",  7793,"000560-21-4",83
 14,  4.6656, 0.6940,"Hexane, 2,3-dimethyl-",  7783,"000584-94-1",91
 15,  4.8373,30.9101,"Toluene",  2478,"000108-88-3",91
 16,  4.9935, 1.1702,"Heptane, 3-methyl-",  7764,"000589-81-1",94
 17,  5.6909, 0.7459,"Heptane, 2,4-dimethyl-", 12960,"002213-23-2",72
 18,  7.4516, 2.8350,"Ethylbenzene",  5173,"000100-41-4",91
 19,  7.6911, 7.6214,"o-Xylene",  5169,"000095-47-6",95
 20,  8.4138, 1.7450,"p-Xylene",  5159,"000106-42-3",95
 21, 10.6239, 1.8545,"Benzene, 1-ethyl-2-methyl-",  9603,"000611-14-3",94
 22, 10.8388, 0.5194,"Benzene, 1,2,4-trimethyl-",  9602,"000095-63-6",95
 23, 11.6287, 1.2868,"Benzene, 1,2,4-trimethyl-",  9601,"000095-63-6",95
 24, 20.8225, 9.8296,"Diphenylmethane", 38418,"000101-81-5",93
"Path","File","Date Acquired","Sample","Misc"
"T:\Echantillotheque\Essences_supercarburants\ETUDE_SUPERCARBURANTS_svi\","Echantillon-7_alcool.D","25 Jun 2019  21:36    ","SP95-E10_SUPERU-WITTELSHEIM (68)","ACS Butanol"
"PBM Apex"
"Wed Aug 07 14:56:47 2019"
"PK","RT","Area Pct","Library/ID","Ref","CAS","Qual"
  1,  3.6167, 0.1671,"Propane",    80,"000074-98-6", 1
  2,  4.0328, 0.2592,"Butane",   234,"000106-97-8",72
  3,  4.1002, 0.0820,"2-Butene, (Z)-",   185,"000590-18-1",72
  4,  4.1916, 0.0943,"2-Butene, (Z)-",   182,"000590-18-1",86
  5,  4.3603, 0.0876,"1-Butene, 3-methyl-",   570,"000563-45-1",78
  6,  4.4195, 4.8141,"Butane, 2-methyl-",   722,"000078-78-4",94
  7,  4.5605, 1.7612,"Pentane",   717,"000109-66-0",91
  8,  4.6487, 1.0229,"2-Methyl-1-butene",   567,"000563-46-2",91
  9,  4.8028, 1.2762,"2-Pentene",   558,"000109-68-2",90
 10,  4.9163, 1.4007,"Ethanol",    95,"000064-17-5",83
 11,  4.9880, 1.6474,"Butane, 2,2-dimethyl-",  1854,"000075-83-2",59
 12,  5.2566, 4.9686,"Pentane, 2-methyl-",  1846,"000107-83-5",87
 13,  5.4626, 2.3199,"Pentane, 3-methyl-",  1847,"000096-14-0",91
 14,  5.5936, 1.7250,"n-Hexane",  1843,"000110-54-3",91
 15,  5.6585,50.7368,"Methylene chloride",  1542,"000075-09-2",94
 16,  5.7665, 0.3719,"2-Pentene, 2-methyl-",  1492,"000625-27-4",91
 17,  5.8890, 0.1638,"2-Pentene, 3-methyl-, (E)-",  1527,"000616-12-6",91
 18,  5.9997, 0.4253,"2-Pentene, 3-methyl-, (E)-",  1530,"000616-12-6",91
 19,  6.2469, 1.8010,"Cyclopentane, methyl-",  1512,"000096-37-7",91
 20,  6.5371, 4.8186,"Propane, 2-ethoxy-2-methyl-",  4563,"000637-92-3",83
 21,  6.6729, 0.2568,"Cyclopentene, 1-methyl-",  1250,"000693-89-0",86
 22,  6.7917, 1.8185,"Hexane, 2-methyl-",  4039,"000591-76-4",91
 23,  6.9340, 0.3853,"Cyclohexane",  1475,"000110-82-7",91
 24,  7.0096, 2.6749,"Hexane, 3-methyl-",  4040,"000589-34-4",94
 25,  7.3083, 0.4852,"Cyclopentane, 1,3-dimethyl-",  3443,"002453-00-1",91
 26,  7.3806, 1.5117,"Heptane",  4033,"000142-82-5",80
 27,  7.5052, 0.2456,"Cyclopentane, 1,2-dimethyl-, trans-",  3465,"000822-50-4",91
 28,  7.5925, 3.7809,"Butane, 2,2,3,3-tetramethyl-",  7813,"000594-82-1",78
 29,  7.8537, 0.3576,"1-Propanol, 2-methyl-",   861,"000078-83-1",94
 30,  8.0552, 0.2505,"Propanal, 2-methyl-",   693,"000078-84-2",53
 31,  8.3270, 1.9728,"Benzene",  1027,"000071-43-2",90
 32,  8.4447, 0.7327,"Hexane, 2,4-dimethyl-",  7780,"000589-43-5",91
 33,  8.5491, 0.1880,"Cyclopentane, ethyl-",  3386,"001640-89-7",94
 34, 10.0031, 2.0314,"Octane",  7760,"000111-65-9",58
 35, 10.1805, 0.1378,"Cyclopentane, 1-ethyl-2-methyl-",  6915,"003726-46-3",47
 36, 11.1059, 0.2740,"1-Butanol, 2-methyl-, (S)-",  2156,"001565-80-6",72
 37, 11.3385, 2.9530,"Toluene",  2481,"000108-88-3",91
"Path","File","Date Acquired","Sample","Misc"
"T:\Echantillotheque\Essences_supercarburants\ETUDE_SUPERCARBURANTS_svi\","Echantillon-7_hydro.D","26 Jun 2019  03:54    ","SP95-E10_SUPERU-WITTELSHEIM (68)","ACS dichlorométhane"
"PBM Apex"
"Wed Aug 07 15:30:27 2019"
"PK","RT","Area Pct","Library/ID","Ref","CAS","Qual"
  1,  2.7843, 0.7181,"Cyclopentene, 1-methyl-",  1250,"000693-89-0",60
  2,  2.9105, 2.7882,"Benzene",  1027,"000071-43-2",91
  3,  2.9397, 3.8139,"Hexane, 2-methyl-",  4039,"000591-76-4",90
  4,  3.0631, 2.9554,"Hexane, 3-methyl-",  4037,"000589-34-4",94
  5,  3.1935, 0.4880,"Cyclopentane, 1,3-dimethyl-",  3443,"002453-00-1",91
  6,  3.2393, 5.8555,"Butane, 2,2,3,3-tetramethyl-",  7811,"000594-82-1",72
  7,  3.4462, 1.7716,"Heptane",  4035,"000142-82-5",94
  8,  3.5284, 0.5382,"2-Hexene, 2-methyl-",  3383,"002738-19-4",45
  9,  3.8652, 1.1867,"Cyclohexane, methyl-",  3391,"000108-87-2",87
 10,  4.0272, 0.7846,"Hexane, 2,5-dimethyl-",  7777,"000592-13-2",94
 11,  4.0666, 1.6513,"Hexane, 2,4-dimethyl-",  7780,"000589-43-5",94
 12,  4.2188, 0.3231,"Cyclopentane, 1,2,3-trimethyl-, (1.alpha.,2.alpha.,3.alpha.)-",  6960,"002613-69-6",53
 13,  4.4157, 1.8846,"Heptane, 4-methyl-",  7771,"000589-53-7",74
 14,  4.5151, 1.6100,"Pentane, 2,3,3-trimethyl-",  7793,"000560-21-4",64
 15,  4.6670, 0.8542,"Hexane, 2,3-dimethyl-",  7783,"000584-94-1",91
 16,  4.8399,16.9408,"Toluene",  2478,"000108-88-3",91
 17,  4.9946, 1.5227,"Heptane, 3-methyl-",  7768,"000589-81-1",91
 18,  5.0937, 0.4115,"Cyclohexane, 1,2-dimethyl-, trans-",  6941,"006876-23-9",91
 19,  5.2205, 0.4482,"Hexane, 2,2,5-trimethyl-", 12998,"003522-94-9",78
 20,  5.3546, 0.1845,"Cyclopentane, 1-ethyl-3-methyl-",  6916,"003726-47-4",94
 21,  5.6916, 0.7991,"Heptane, 2,4-dimethyl-", 12971,"002213-23-2",78
 22,  6.6931, 0.3514,"Heptane, 2,5-dimethyl-", 12976,"002216-30-0",74
 23,  7.4502, 3.9463,"Ethylbenzene",  5174,"000100-41-4",91
 24,  7.5868, 0.6161,"Octane, 2-methyl-", 12950,"003221-61-2",98
 25,  7.6926,12.5386,"o-Xylene",  5169,"000095-47-6",95
 26,  7.7953, 0.3688,"Octane, 3-methyl-", 12944,"002216-33-3",90
 27,  8.4108, 4.1975,"Benzene, 1,3-dimethyl-",  5190,"000108-38-3",95
 28,  8.6863, 0.2666,"Nonane", 12938,"000111-84-2",94
 29,  9.4337, 0.3747,"Benzene, (1-methylethyl)-",  9597,"000098-82-8",91
 30, 10.3609, 1.1383,"Benzene, propyl-",  9587,"000103-65-1",87
 31, 10.6216, 6.9052,"Benzene, 1-ethyl-2-methyl-",  9603,"000611-14-3",94
 32, 10.8364, 2.0935,"Mesitylene",  9577,"000108-67-8",95
 33, 11.1929, 1.3387,"Benzene, 1-ethyl-2-methyl-",  9603,"000611-14-3",90
 34, 11.6261, 5.5617,"Benzene, 1,2,4-trimethyl-",  9601,"000095-63-6",95
 35, 12.5364, 1.0409,"Benzene, 1,2,4-trimethyl-",  9602,"000095-63-6",94
 36, 12.9415, 0.8173,"Benzene, cyclopropyl-",  9137,"000873-49-4",76
 37, 13.4284, 0.3055,"Benzene, 1,4-diethyl-", 15174,"000105-05-5",97
 38, 13.4771, 0.7680,"Benzene, 1-methyl-3-propyl-", 15189,"001074-43-7",94
 39, 13.5798, 0.7017,"Benzene, 1-methyl-4-propyl-", 15190,"001074-55-1",76
 40, 13.7022, 0.9630,"Benzene, 1-ethyl-2,4-dimethyl-", 15213,"000874-41-9",95
 41, 14.2383, 0.6182,"Benzene, 2-ethyl-1,3-dimethyl-", 15218,"002870-04-4",95
 42, 14.2824, 0.7094,"Benzene, 1-ethyl-2,4-dimethyl-", 15213,"000874-41-9",95
 43, 14.4618, 1.3262,"Benzene, 1-ethyl-2,3-dimethyl-", 15216,"000933-98-2",91
 44, 15.0034, 0.2746,"Benzene, 2-ethyl-1,4-dimethyl-", 15212,"001758-88-9",97
 45, 15.2418, 0.4756,"Benzene, 1,2,4,5-tetramethyl-", 15207,"000095-93-2",95
 46, 15.3439, 0.7785,"Benzene, 1,2,3,4-tetramethyl-", 15205,"000488-23-3",97
 47, 15.7755, 0.5919,"1H-Indene, 2,3-dihydro-5-methyl-", 14392,"000874-35-1",93
 48, 15.9042, 0.1965,"Benzene, 1,3-diethyl-5-methyl-", 23424,"002050-24-0",94
 49, 16.0243, 0.4164,"1H-Indene, 2,3-dihydro-4-methyl-", 14393,"000824-22-6",94
 50, 16.0923, 0.2741,"Benzene, 1,4-diethyl-", 15177,"000105-05-5",42
 51, 16.5678, 0.1688,"Benzene, 1-methyl-4-(1-methylpropyl)-", 23448,"001595-16-0",94
 52, 16.8241, 0.3537,"1H-Indene, 2,3-dihydro-1,6-dimethyl-", 22225,"017059-48-2",91
 53, 17.0330, 0.1436,"1H-Indene, 2,3-dihydro-1,2-dimethyl-", 22223,"017057-82-8",55
 54, 20.8222, 1.8486,"Diphenylmethane", 38418,"000101-81-5",93
"Path","File","Date Acquired","Sample","Misc"
"T:\Echantillotheque\Essences_supercarburants\ETUDE_SUPERCARBURANTS_svi\","Echantillon-8_alcool.D"," 2 Jul 2019  19:00    ","SP95-E10_AUCHAUN_TASSIN-LA-DEMI-LUNE (69)","ACS Butanol"
"PBM Apex"
"Wed Aug 07 14:36:40 2019"
"PK","RT","Area Pct","Library/ID","Ref","CAS","Qual"
  1,  3.6226, 0.1844,"Acetaldehyde",    72,"000075-07-0", 1
  2,  3.9401, 0.0862,"Isobutane",   236,"000075-28-5",72
  3,  4.0386, 0.2679,"Butane",   233,"000106-97-8",59
  4,  4.4261, 4.9916,"Butane, 2-methyl-",   722,"000078-78-4",91
  5,  4.5666, 1.6313,"Pentane",   717,"000109-66-0",90
  6,  4.6546, 0.6894,"2-Butene, 2-methyl-",   571,"000513-35-9",90
  7,  4.8097, 1.1179,"2-Butene, 2-methyl-",   575,"000513-35-9",91
  8,  4.9231, 1.6151,"Ethanol",    96,"000064-17-5",90
  9,  4.9954, 1.5383,"Hydroxylamine, O-(2-methylpropyl)-",  2246,"005618-62-2",50
 10,  5.2637, 4.7285,"Pentane, 2-methyl-",  1844,"000107-83-5",91
 11,  5.4697, 2.2572,"Pentane, 3-methyl-",  1848,"000096-14-0",80
 12,  5.6011, 1.3963,"n-Hexane",  1841,"000110-54-3",91
 13,  5.6661,48.1934,"Methylene chloride",  1542,"000075-09-2",94
 14,  5.7747, 0.4134,"Cyclopropane, 1,1,2-trimethyl-",  1538,"004127-45-1",86
 15,  5.8966, 0.1744,"2-Pentene, 3-methyl-, (E)-",  1527,"000616-12-6",91
 16,  6.0066, 0.4832,"2-Pentene, 3-methyl-, (E)-",  1527,"000616-12-6",91
 17,  6.2547, 2.1179,"Cyclopentane, methyl-",  1512,"000096-37-7",91
 18,  6.5444, 5.6851,"Propane, 2-ethoxy-2-methyl-",  4563,"000637-92-3",83
 19,  6.6807, 0.3350,"1,4-Pentadiene, 2-methyl-",  1266,"000763-30-4",91
 20,  6.7988, 2.0956,"Hexane, 2-methyl-",  4042,"000591-76-4",91
 21,  6.9417, 0.8884,"Cyclohexane",  1473,"000110-82-7",91
 22,  7.0165, 3.0058,"Hexane, 3-methyl-",  4037,"000589-34-4",94
 23,  7.3119, 0.5081,"Cyclopentane, 1,3-dimethyl-",  3443,"002453-00-1",87
 24,  7.3873, 1.9676,"Heptane",  4034,"000142-82-5",87
 25,  7.5127, 0.2868,"Cyclopentane, 1,2-dimethyl-, trans-",  3465,"000822-50-4",91
 26,  7.5992, 1.6537,"Butane, 2,2,3,3-tetramethyl-",  7813,"000594-82-1",72
 27,  7.8633, 1.9358,"1-Propanol, 2-methyl-",   863,"000078-83-1",91
 28,  8.0635, 1.8479,"Propanal, 2-methyl-",   693,"000078-84-2",53
 29,  8.3355, 2.3145,"1,3-Hexadien-5-yne",  1036,"010420-90-3",91
 30,  8.4526, 0.4688,"Hexane, 2,4-dimethyl-",  7773,"000589-43-5",93
 31,  9.8527, 0.1160,"1-Butanol",   846,"000071-36-3",72
 32, 10.0123, 1.0297,"Octane",  7760,"000111-65-9",76
 33, 11.1148, 0.2568,"1-Butanol, 2-methyl-",  2150,"000137-32-6",83
 34, 11.3448, 3.7180,"Toluene",  2481,"000108-88-3",91
"Path","File","Date Acquired","Sample","Misc"
"T:\Echantillotheque\Essences_supercarburants\ETUDE_SUPERCARBURANTS_svi\","Echantillon-9_alcool.D"," 6 Aug 2019  16:20    ","SP95_SUPERU_ESCHAU (67)","ACS Butanol"
"PBM Apex"
"Wed Aug 07 11:28:46 2019"
"PK","RT","Area Pct","Library/ID","Ref","CAS","Qual"
  1,  3.6244, 0.2276,"Ethylene oxide",    75,"000075-21-8", 1
  2,  4.0415, 0.1297,"Butane",   234,"000106-97-8",53
  3,  4.4270, 3.4747,"Butane, 2-methyl-",   722,"000078-78-4",91
  4,  4.5677, 1.2632,"Pentane",   717,"000109-66-0",91
  5,  4.6556, 0.7646,"2-Pentene, (E)-",   562,"000646-04-8",86
  6,  4.8103, 0.9876,"2-Butene, 2-methyl-",   571,"000513-35-9",90
  7,  4.9221, 0.7400,"Ethanol",    96,"000064-17-5",90
  8,  4.9971, 1.2456,"Butane, 2,2-dimethyl-",  1856,"000075-83-2",80
  9,  5.2645, 4.5918,"Pentane, 2-methyl-",  1844,"000107-83-5",90
 10,  5.4716, 2.0453,"Pentane, 3-methyl-",  1847,"000096-14-0",91
 11,  5.6029, 1.4451,"n-Hexane",  1842,"000110-54-3",80
 12,  5.6684,51.3091,"Methylene chloride",  1542,"000075-09-2",95
 13,  5.7763, 0.3726,"2-Butene, 2,3-dimethyl-",  1521,"000563-79-1",90
 14,  5.8979, 0.1631,"2-Pentene, 3-methyl-, (E)-",  1527,"000616-12-6",83
 15,  6.0084, 0.4357,"2-Pentene, 3-methyl-, (Z)-",  1531,"000922-62-3",91
 16,  6.2573, 1.8350,"Cyclopentane, methyl-",  1512,"000096-37-7",91
 17,  6.5463, 5.1792,"Propane, 2-ethoxy-2-methyl-",  4563,"000637-92-3",83
 18,  6.6846, 0.2502,"1,3-Pentadiene, 3-methyl-, (Z)-",  1278,"002787-45-3",78
 19,  6.8017, 1.7875,"Hexane, 2-methyl-",  4039,"000591-76-4",91
 20,  6.9459, 0.3973,"Cyclohexane",  1473,"000110-82-7",91
 21,  7.0208, 2.6455,"Hexane, 3-methyl-",  4040,"000589-34-4",94
 22,  7.3218, 0.5022,"Cyclopentane, 1,3-dimethyl-, cis-",  3454,"002532-58-3",52
 23,  7.3921, 1.4718,"Heptane",  4034,"000142-82-5",80
 24,  7.5181, 0.2577,"Cyclopentane, 1,2-dimethyl-",  3440,"002452-99-5",86
 25,  7.6049, 4.5379,"Pentane, 2,2,4-trimethyl-",  7796,"000540-84-1",78
 26,  7.8625, 2.2312,"1-Propanol, 2-methyl-",   861,"000078-83-1",87
 27,  8.0631, 1.1327,"1-Propanol, 2-methyl-",   865,"000078-83-1",52
 28,  8.1724, 0.5500,"1-Propanol, 2-methyl-",   861,"000078-83-1",64
 29,  8.3409, 2.1315,"Benzene",  1027,"000071-43-2",90
 30,  8.4603, 0.9405,"Hexane, 2,4-dimethyl-",  7782,"000589-43-5",90
 31,  9.8808, 0.3324,"Oxirane, 2,3-bis(1-methylethyl)-, trans-", 12919,"054644-32-5",40
 32, 10.0147, 1.6926,"Hydroxylamine, O-decyl-", 42310,"029812-79-1",64
 33, 10.1915, 0.1380,"Cyclopentane, 1-ethyl-3-methyl-, cis-",  6947,"002613-66-3",47
 34, 11.1040, 0.3068,"1-Butanol, 2-methyl-, (S)-",  2159,"001565-80-6",78
 35, 11.3486, 2.4840,"Toluene",  2482,"000108-88-3",91
"Path","File","Date Acquired","Sample","Misc"
"T:\Echantillotheque\Essences_supercarburants\ETUDE_SUPERCARBURANTS_svi\","Echantillon-9_hydro.D","06 Aug 2019  21:17    ","SP95_SUPERU_ESCHAU (67)","ACS dichlorométhane"
"PBM Apex"
"Wed Aug 07 12:51:29 2019"
"PK","RT","Area Pct","Library/ID","Ref","CAS","Qual"
  1,  2.7626, 0.5568,"Cyclopentene, 1-methyl-",  1245,"000693-89-0",55
  2,  2.8874, 1.8397,"Benzene",  1027,"000071-43-2",91
  3,  2.9177, 3.4756,"Hexane, 2-methyl-",  4042,"000591-76-4",91
  4,  3.0411, 2.4769,"Hexane, 3-methyl-",  4037,"000589-34-4",94
  5,  3.1704, 0.4142,"Cyclopentane, 1,3-dimethyl-, trans-",  3466,"001759-58-6",91
  6,  3.2171, 6.1785,"Butane, 2,2,3,3-tetramethyl-",  7811,"000594-82-1",64
  7,  3.4239, 1.5008,"Heptane",  4034,"000142-82-5",94
  8,  3.5064, 0.4869,"2-Hexene, 2-methyl-",  3383,"002738-19-4",50
  9,  3.8429, 1.1525,"Cyclohexane, methyl-",  3387,"000108-87-2",87
 10,  4.0044, 0.9091,"Hexane, 2,5-dimethyl-",  7779,"000592-13-2",90
 11,  4.0437, 1.8224,"Hexane, 2,4-dimethyl-",  7773,"000589-43-5",91
 12,  4.1965, 0.3248,"Octane, 3-methyl-6-methylene-", 18468,"074630-07-2",50
 13,  4.3929, 2.3961,"Pentane, 2,3,4-trimethyl-",  7794,"000565-75-3",83
 14,  4.4916, 2.2227,"Pentane, 2,3,3-trimethyl-",  7793,"000560-21-4",72
 15,  4.6441, 0.9560,"Hexane, 2,3-dimethyl-",  7783,"000584-94-1",91
 16,  4.8160,15.8808,"Toluene",  2478,"000108-88-3",91
 17,  4.9717, 1.6472,"Heptane, 3-methyl-",  7764,"000589-81-1",94
 18,  5.0700, 0.4083,"Cyclohexane, 1,2-dimethyl-, trans-",  6941,"006876-23-9",83
 19,  5.1976, 0.5273,"Hexane, 2,2,5-trimethyl-", 12998,"003522-94-9",83
 20,  5.6691, 0.8189,"Octane",  7758,"000111-65-9",95
 21,  6.6709, 0.4017,"Heptane, 2,5-dimethyl-", 12975,"002216-30-0",87
 22,  7.4276, 4.0608,"Benzene, 1,3-dimethyl-",  5187,"000108-38-3",91
 23,  7.5662, 0.7326,"Octane, 2-methyl-", 12950,"003221-61-2",98
 24,  7.6700,13.0649,"o-Xylene",  5169,"000095-47-6",95
 25,  7.7745, 0.4537,"Octane, 3-methyl-", 12944,"002216-33-3",90
 26,  8.3888, 4.3157,"p-Xylene",  5159,"000106-42-3",95
 27,  8.6659, 0.3393,"Nonane", 12938,"000111-84-2",95
 28,  9.4127, 0.3994,"Benzene, (1-methylethyl)-",  9597,"000098-82-8",91
 29, 10.3402, 1.1918,"Benzene, propyl-",  9587,"000103-65-1",87
 30, 10.6011, 7.4660,"Benzene, 1-ethyl-2-methyl-",  9603,"000611-14-3",94
 31, 10.8157, 2.2971,"Mesitylene",  9580,"000108-67-8",95
 32, 11.1726, 1.4135,"Benzene, 1-ethyl-2-methyl-",  9603,"000611-14-3",90
 33, 11.6055, 6.0356,"Benzene, 1,2,4-trimethyl-",  9601,"000095-63-6",95
 34, 12.5163, 1.1025,"Benzene, 1,2,4-trimethyl-",  9601,"000095-63-6",94
 35, 12.9214, 0.8809,"Indane",  9119,"000496-11-7",76
 36, 13.4093, 0.3265,"Benzene, 1,2-diethyl-", 15178,"000135-01-3",97
 37, 13.4575, 0.8231,"Benzene, 1-methyl-3-propyl-", 15189,"001074-43-7",94
 38, 13.5580, 0.8011,"Benzene, 1-methyl-3-propyl-", 15189,"001074-43-7",76
 39, 13.6834, 1.0544,"Benzene, 1-ethyl-2,4-dimethyl-", 15213,"000874-41-9",94
 40, 14.2218, 0.6392,"Benzene, 1-ethyl-2,4-dimethyl-", 15213,"000874-41-9",95
 41, 14.2640, 0.6988,"Benzene, 1-ethyl-2,4-dimethyl-", 15213,"000874-41-9",95
 42, 14.4442, 1.3006,"Benzene, 1-ethyl-3,5-dimethyl-", 15219,"000934-74-7",87
 43, 15.2257, 0.4524,"Benzene, 1,2,3,5-tetramethyl-", 15201,"000527-53-7",95
 44, 15.3279, 0.7408,"Benzene, 1,2,3,4-tetramethyl-", 15205,"000488-23-3",97
 45, 15.7601, 0.5587,"1H-Indene, 2,3-dihydro-5-methyl-", 14392,"000874-35-1",93
 46, 15.8897, 0.1883,"Benzene, 1,3-diethyl-5-methyl-", 23435,"002050-24-0",95
 47, 16.0093, 0.3256,"1H-Indene, 2,3-dihydro-2-methyl-", 14401,"000824-63-5",91
 48, 16.8103, 0.3079,"2,2-Dimethylindene, 2,3-dihydro-", 22215,"020836-11-7",91
 49, 17.0199, 0.1686,"1H-Indene, 2,3-dihydro-1,2-dimethyl-", 22223,"017057-82-8",64
 50, 20.8114, 1.4632,"Diphenylmethane", 38418,"000101-81-5",93
